start_date,moon_phase
2023-03-01,waxing gibbous
2023-03-02,waxing gibbous
2023-03-03,waxing gibbous
2023-03-04,waxing gibbous
2023-03-05,waxing gibbous
2023-03-06,waxing gibbous
2023-03-07,full moon
2023-03-08,waning gibbous
2023-03-09,waning gibbous
2023-03-10,waning gibbous
2023-03-11,waning gibbous
2023-03-12,waning gibbous
2023-03-13,waning gibbous
2023-03-14,waning gibbous
2023-03-15,last quarter
2023-03-16,waning crescent
2023-03-17,waning crescent
2023-03-18,waning crescent
2023-03-19,waning crescent
2023-03-20,waning crescent
2023-03-21,waning crescent
2023-03-22,new moon
2023-03-23,waxing crescent
2023-03-24,waxing crescent
2023-03-25,waxing crescent
2023-03-26,waxing crescent
2023-03-27,waxing crescent
2023-03-28,waxing crescent
2023-03-29,first quarter
2023-03-30,first quarter
2023-03-31,waxing gibbous
2023-04-01,waxing gibbous
2023-04-02,waxing gibbous
2023-04-03,waxing gibbous
2023-04-04,waxing gibbous
2023-04-05,waxing gibbous
2023-04-06,full moon
2023-04-07,waning gibbous
2023-04-08,waning gibbous
2023-04-09,waning gibbous
2023-04-10,waning gibbous
2023-04-11,waning gibbous
2023-04-12,waning gibbous
2023-04-13,last quarter
2023-04-14,last quarter
2023-04-15,waning crescent
2023-04-16,waning crescent
2023-04-17,waning crescent
2023-04-18,waning crescent
2023-04-19,waning crescent
2023-04-20,new moon
2023-04-21,waxing crescent
2023-04-22,waxing crescent
2023-04-23,waxing crescent
2023-04-24,waxing crescent
2023-04-25,waxing crescent
2023-04-26,waxing crescent
2023-04-27,waxing crescent
2023-04-28,first quarter
2023-04-29,waxing gibbous
2023-04-30,waxing gibbous
2023-05-01,waxing gibbous
2023-05-02,waxing gibbous
2023-05-03,waxing gibbous
2023-05-04,waxing gibbous
2023-05-05,full moon
2023-05-06,waning gibbous
2023-05-07,waning gibbous
2023-05-08,waning gibbous
2023-05-09,waning gibbous
2023-05-10,waning gibbous
2023-05-11,waning gibbous
2023-05-12,waning gibbous
2023-05-13,last quarter
2023-05-14,waning crescent
2023-05-15,waning crescent
2023-05-16,waning crescent
,
,
,
,
,
,
,
,
,
,
,
,
,
,
,
,
,
,
,
,
,
,
,
,
,
,
,
,
,
,
,
,
,
,
,
,
,
,
,
,
,
,
,
,
,
,
,
,
,
,
,
,
,
,
,
,
,
,
,
,
,
,
,
,
,
,
,
,
,
,
,
,
,
,
,
,
,
,
,
,
,
,
,
,
,
,
,
,
,
,
,
,
,
,
,
,
,
,
,
,
,
,
,
,
,
,
,
,
,
,
,
,
,
,
,
,
,
,
,
,
,
,
,
,
,
,
,
,
,
,
,
,
,
,
,
,
,
,
,
,
,
,
,
,
,
,
,
,
,
,
,
,
,
,
,
,
,
,
,
,
,
,
,
,
,
,
,
,
,
,
,
,
,
,
,
,
,
,
,
,
,
,
,
,
,
,
,
,
,
,
,
,
,
,
,
,
,
,
,
,
,
,
,
,
,
,
,
,
,
,
,
,
,
,
,
,
,
,
,
,
,
,
,
,
,
,
,
,
,
,
,
,
,
,
,
,
,
,
,
,
,
,
,
,
,
,
,
,
,
,
,
,
,
,
,
,
,
,
,
,
,
,
,
,
,
,
,
,
,
,
,
,
,
,
,
,
,
,
,
,
,
,
,
